from_id,to_id,from_fraction
01001,01001,1.0
01003,01003,1.0
01005,01005,1.0
01007,01007,1.0
01009,01009,1.0
01011,01011,1.0
01013,01013,1.0
01015,01015,1.0
01017,01017,1.0
01019,01019,1.0
01021,01021,1.0
01023,01023,1.0
01025,01025,1.0
01027,01027,1.0
01029,01029,1.0
01031,01031,1.0
01033,01033,1.0
01035,01035,1.0
01037,01037,1.0
01039,01039,1.0
01041,01041,1.0
01043,01043,1.0
01045,01045,1.0
01047,01047,1.0
01049,01049,1.0
01051,01051,1.0
01053,01053,1.0
01055,01055,1.0
01057,01057,1.0
01059,01059,1.0
01061,01061,1.0
01063,01063,1.0
01065,01065,1.0
01067,01067,1.0
01069,01069,1.0
01071,01071,1.0
01073,01073,1.0
01075,01075,1.0
01077,01077,1.0
01079,01079,1.0
01081,01081,1.0
01083,01083,1.0
01085,01085,1.0
01087,01087,1.0
01089,01089,1.0
01091,01091,1.0
01093,01093,1.0
01095,01095,1.0
01097,01097,1.0
01099,01099,1.0
01101,01101,1.0
01103,01103,1.0
01105,01105,1.0
01107,01107,1.0
01109,01109,1.0
01111,01111,1.0
01113,01113,1.0
01115,01115,1.0
01117,01117,1.0
01119,01119,1.0
01121,01121,1.0
01123,01123,1.0
01125,01125,1.0
01127,01127,1.0
01129,01129,1.0
01131,01131,1.0
01133,01133,1.0
02013,,1.0
02016,,1.0
02020,,1.0
02050,,1.0
02060,,1.0
02068,,1.0
02070,,1.0
02090,,1.0
02100,,1.0
02105,,1.0
02110,,1.0
02122,,1.0
02130,,1.0
02150,,1.0
02158,,1.0
02164,,1.0
02170,,1.0
02180,,1.0
02185,,1.0
02188,,1.0
02195,,1.0
02198,,1.0
02220,,1.0
02230,,1.0
02240,,1.0
02275,,1.0
02282,,1.0
02290,,1.0
04001,04001,1.0
04003,04003,1.0
04005,04005,1.0
04007,04007,1.0
04009,04009,1.0
04011,04011,1.0
04012,04012,1.0
04013,04013,1.0
04015,04015,1.0
04017,04017,1.0
04019,04019,1.0
04021,04021,1.0
04023,04023,1.0
04025,04025,1.0
04027,04027,1.0
05001,05001,1.0
05003,05003,1.0
05005,05005,1.0
05007,05007,1.0
05009,05009,1.0
05011,05011,1.0
05013,05013,1.0
05015,05015,1.0
05017,05017,1.0
05019,05019,1.0
05021,05021,1.0
05023,05023,1.0
05025,05025,1.0
05027,05027,1.0
05029,05029,1.0
05031,05031,1.0
05033,05033,1.0
05035,05035,1.0
05037,05037,1.0
05039,05039,1.0
05041,05041,1.0
05043,05043,1.0
05045,05045,1.0
05047,05047,1.0
05049,05049,1.0
05051,05051,1.0
05053,05053,1.0
05055,05055,1.0
05057,05057,1.0
05059,05059,1.0
05061,05061,1.0
05063,05063,1.0
05065,05065,1.0
05067,05067,1.0
05069,05069,1.0
05071,05071,1.0
05073,05073,1.0
05075,05075,1.0
05077,05077,1.0
05079,05079,1.0
05081,05081,1.0
05083,05083,1.0
05085,05085,1.0
05087,05087,1.0
05089,05089,1.0
05091,05091,1.0
05093,05093,1.0
05095,05095,1.0
05097,05097,1.0
05099,05099,1.0
05101,05101,1.0
05103,05103,1.0
05105,05105,1.0
05107,05107,1.0
05109,05109,1.0
05111,05111,1.0
05113,05113,1.0
05115,05115,1.0
05117,05117,1.0
05119,05119,1.0
05121,05121,1.0
05123,05123,1.0
05125,05125,1.0
05127,05127,1.0
05129,05129,1.0
05131,05131,1.0
05133,05133,1.0
05135,05135,1.0
05137,05137,1.0
05139,05139,1.0
05141,05141,1.0
05143,05143,1.0
05145,05145,1.0
05147,05147,1.0
05149,05149,1.0
06001,06001,1.0
06003,06003,1.0
06005,06005,1.0
06007,06007,1.0
06009,06009,1.0
06011,06011,1.0
06013,06013,1.0
06015,06015,1.0
06017,06017,1.0
06019,06019,1.0
06021,06021,1.0
06023,06023,1.0
06025,06025,1.0
06027,06027,1.0
06029,06029,1.0
06031,06031,1.0
06033,06033,1.0
06035,06035,1.0
06037,06037,1.0
06039,06039,1.0
06041,06041,1.0
06043,06043,1.0
06045,06045,1.0
06047,06047,1.0
06049,06049,1.0
06051,06051,1.0
06053,06053,1.0
06055,06055,1.0
06057,06057,1.0
06059,06059,1.0
06061,06061,1.0
06063,06063,1.0
06065,06065,1.0
06067,06067,1.0
06069,06069,1.0
06071,06071,1.0
06073,06073,1.0
06075,06075,1.0
06077,06077,1.0
06079,06079,1.0
06081,06081,1.0
06083,06083,1.0
06085,06085,1.0
06087,06087,1.0
06089,06089,1.0
06091,06091,1.0
06093,06093,1.0
06095,06095,1.0
06097,06097,1.0
06099,06099,1.0
06101,06101,1.0
06103,06103,1.0
06105,06105,1.0
06107,06107,1.0
06109,06109,1.0
06111,06111,1.0
06113,06113,1.0
06115,06115,1.0
08001,08001,1.0
08003,08003,1.0
08005,08005,1.0
08007,08007,1.0
08009,08009,1.0
08011,08011,1.0
08013,08013,1.0
08014,08014,1.0
08015,08015,1.0
08017,08017,1.0
08019,08019,1.0
08021,08021,1.0
08023,08023,1.0
08025,08025,1.0
08027,08027,1.0
08029,08029,1.0
08031,08031,1.0
08033,08033,1.0
08035,08035,1.0
08037,08037,1.0
08039,08039,1.0
08041,08041,1.0
08043,08043,1.0
08045,08045,1.0
08047,08047,1.0
08049,08049,1.0
08051,08051,1.0
08053,08053,1.0
08055,08055,1.0
08057,08057,1.0
08059,08059,1.0
08061,08061,1.0
08063,08063,1.0
08065,08065,1.0
08067,08067,1.0
08069,08069,1.0
08071,08071,1.0
08073,08073,1.0
08075,08075,1.0
08077,08077,1.0
08079,08079,1.0
08081,08081,1.0
08083,08083,1.0
08085,08085,1.0
08087,08087,1.0
08089,08089,1.0
08091,08091,1.0
08093,08093,1.0
08095,08095,1.0
08097,08097,1.0
08099,08099,1.0
08101,08101,1.0
08103,08103,1.0
08105,08105,1.0
08107,08107,1.0
08109,08109,1.0
08111,08111,1.0
08113,08113,1.0
08115,08115,1.0
08117,08117,1.0
08119,08119,1.0
08121,08121,1.0
08123,08123,1.0
08125,08125,1.0
09110,09003,0.843210235771366
09110,09013,0.15678976422863397
09120,09001,1.0
09130,09007,0.94283538601656
09130,09011,0.057164613983439964
09140,09001,0.09225074095506096
09140,09003,0.13510276437188454
09140,09005,0.12022932155246609
09140,09009,0.6524171731205884
09150,09011,0.02694600402023983
09150,09013,0.008244957371594926
09150,09015,0.9648090386081652
09160,09003,0.10261519669163638
09160,09005,0.8973848033083637
09170,09009,1.0
09180,09011,0.9134707754061303
09180,09015,0.08652922459386975
09190,09001,0.9520157071002231
09190,09005,0.047984292899776876
10001,10001,1.0
10003,10003,1.0
10005,10005,1.0
11001,11001,1.0
12001,12001,1.0
12003,12003,1.0
12005,12005,1.0
12007,12007,1.0
12009,12009,1.0
12011,12011,1.0
12013,12013,1.0
12015,12015,1.0
12017,12017,1.0
12019,12019,1.0
12021,12021,1.0
12023,12023,1.0
12027,12027,1.0
12029,12029,1.0
12031,12031,1.0
12033,12033,1.0
12035,12035,1.0
12037,12037,1.0
12039,12039,1.0
12041,12041,1.0
12043,12043,1.0
12045,12045,1.0
12047,12047,1.0
12049,12049,1.0
12051,12051,1.0
12053,12053,1.0
12055,12055,1.0
12057,12057,1.0
12059,12059,1.0
12061,12061,1.0
12063,12063,1.0
12065,12065,1.0
12067,12067,1.0
12069,12069,1.0
12071,12071,1.0
12073,12073,1.0
12075,12075,1.0
12077,12077,1.0
12079,12079,1.0
12081,12081,1.0
12083,12083,1.0
12085,12085,1.0
12086,12086,1.0
12087,12087,1.0
12089,12089,1.0
12091,12091,1.0
12093,12093,1.0
12095,12095,1.0
12097,12097,1.0
12099,12099,1.0
12101,12101,1.0
12103,12103,1.0
12105,12105,1.0
12107,12107,1.0
12109,12109,1.0
12111,12111,1.0
12113,12113,1.0
12115,12115,1.0
12117,12117,1.0
12119,12119,1.0
12121,12121,1.0
12123,12123,1.0
12125,12125,1.0
12127,12127,1.0
12129,12129,1.0
12131,12131,1.0
12133,12133,1.0
13001,13001,1.0
13003,13003,1.0
13005,13005,1.0
13007,13007,1.0
13009,13009,1.0
13011,13011,1.0
13013,13013,1.0
13015,13015,1.0
13017,13017,1.0
13019,13019,1.0
13021,13021,1.0
13023,13023,1.0
13025,13025,1.0
13027,13027,1.0
13029,13029,1.0
13031,13031,1.0
13033,13033,1.0
13035,13035,1.0
13037,13037,1.0
13039,13039,1.0
13043,13043,1.0
13045,13045,1.0
13047,13047,1.0
13049,13049,1.0
13051,13051,1.0
13053,13053,1.0
13055,13055,1.0
13057,13057,1.0
13059,13059,1.0
13061,13061,1.0
13063,13063,1.0
13065,13065,1.0
13067,13067,1.0
13069,13069,1.0
13071,13071,1.0
13073,13073,1.0
13075,13075,1.0
13077,13077,1.0
13079,13079,1.0
13081,13081,1.0
13083,13083,1.0
13085,13085,1.0
13087,13087,1.0
13089,13089,1.0
13091,13091,1.0
13093,13093,1.0
13095,13095,1.0
13097,13097,1.0
13099,13099,1.0
13101,13101,1.0
13103,13103,1.0
13105,13105,1.0
13107,13107,1.0
13109,13109,1.0
13111,13111,1.0
13113,13113,1.0
13115,13115,1.0
13117,13117,1.0
13119,13119,1.0
13121,13121,1.0
13123,13123,1.0
13125,13125,1.0
13127,13127,1.0
13129,13129,1.0
13131,13131,1.0
13133,13133,1.0
13135,13135,1.0
13137,13137,1.0
13139,13139,1.0
13141,13141,1.0
13143,13143,1.0
13145,13145,1.0
13147,13147,1.0
13149,13149,1.0
13151,13151,1.0
13153,13153,1.0
13155,13155,1.0
13157,13157,1.0
13159,13159,1.0
13161,13161,1.0
13163,13163,1.0
13165,13165,1.0
13167,13167,1.0
13169,13169,1.0
13171,13171,1.0
13173,13173,1.0
13175,13175,1.0
13177,13177,1.0
13179,13179,1.0
13181,13181,1.0
13183,13183,1.0
13185,13185,1.0
13187,13187,1.0
13189,13189,1.0
13191,13191,1.0
13193,13193,1.0
13195,13195,1.0
13197,13197,1.0
13199,13199,1.0
13201,13201,1.0
13205,13205,1.0
13207,13207,1.0
13209,13209,1.0
13211,13211,1.0
13213,13213,1.0
13215,13215,1.0
13217,13217,1.0
13219,13219,1.0
13221,13221,1.0
13223,13223,1.0
13225,13225,1.0
13227,13227,1.0
13229,13229,1.0
13231,13231,1.0
13233,13233,1.0
13235,13235,1.0
13237,13237,1.0
13239,13239,1.0
13241,13241,1.0
13243,13243,1.0
13245,13245,1.0
13247,13247,1.0
13249,13249,1.0
13251,13251,1.0
13253,13253,1.0
13255,13255,1.0
13257,13257,1.0
13259,13259,1.0
13261,13261,1.0
13263,13263,1.0
13265,13265,1.0
13267,13267,1.0
13269,13269,1.0
13271,13271,1.0
13273,13273,1.0
13275,13275,1.0
13277,13277,1.0
13279,13279,1.0
13281,13281,1.0
13283,13283,1.0
13285,13285,1.0
13287,13287,1.0
13289,13289,1.0
13291,13291,1.0
13293,13293,1.0
13295,13295,1.0
13297,13297,1.0
13299,13299,1.0
13301,13301,1.0
13303,13303,1.0
13305,13305,1.0
13307,13307,1.0
13309,13309,1.0
13311,13311,1.0
13313,13313,1.0
13315,13315,1.0
13317,13317,1.0
13319,13319,1.0
13321,13321,1.0
15001,,1.0
15003,,1.0
15005,,1.0
15007,,1.0
15009,,1.0
16001,16001,1.0
16003,16003,1.0
16005,16005,1.0
16007,16007,1.0
16009,16009,1.0
16011,16011,1.0
16013,16013,1.0
16015,16015,1.0
16017,16017,1.0
16019,16019,1.0
16021,16021,1.0
16023,16023,1.0
16025,16025,1.0
16027,16027,1.0
16029,16029,1.0
16031,16031,1.0
16033,16033,1.0
16035,16035,1.0
16037,16037,1.0
16039,16039,1.0
16041,16041,1.0
16043,16043,1.0
16045,16045,1.0
16047,16047,1.0
16049,16049,1.0
16051,16051,1.0
16053,16053,1.0
16055,16055,1.0
16057,16057,1.0
16059,16059,1.0
16061,16061,1.0
16063,16063,1.0
16065,16065,1.0
16067,16067,1.0
16069,16069,1.0
16071,16071,1.0
16073,16073,1.0
16075,16075,1.0
16077,16077,1.0
16079,16079,1.0
16081,16081,1.0
16083,16083,1.0
16085,16085,1.0
16087,16087,1.0
17001,17001,1.0
17003,17003,1.0
17005,17005,1.0
17007,17007,1.0
17009,17009,1.0
17011,17011,1.0
17013,17013,1.0
17015,17015,1.0
17017,17017,1.0
17019,17019,1.0
17021,17021,1.0
17023,17023,1.0
17025,17025,1.0
17027,17027,1.0
17029,17029,1.0
17031,17031,1.0
17033,17033,1.0
17035,17035,1.0
17037,17037,1.0
17039,17039,1.0
17041,17041,1.0
17043,17043,1.0
17045,17045,1.0
17047,17047,1.0
17049,17049,1.0
17051,17051,1.0
17053,17053,1.0
17055,17055,1.0
17057,17057,1.0
17059,17059,1.0
17061,17061,1.0
17063,17063,1.0
17065,17065,1.0
17067,17067,1.0
17069,17069,1.0
17071,17071,1.0
17073,17073,1.0
17075,17075,1.0
17077,17077,1.0
17079,17079,1.0
17081,17081,1.0
17083,17083,1.0
17085,17085,1.0
17087,17087,1.0
17089,17089,1.0
17091,17091,1.0
17093,17093,1.0
17095,17095,1.0
17097,17097,1.0
17099,17099,1.0
17101,17101,1.0
17103,17103,1.0
17105,17105,1.0
17107,17107,1.0
17109,17109,1.0
17111,17111,1.0
17113,17113,1.0
17115,17115,1.0
17117,17117,1.0
17119,17119,1.0
17121,17121,1.0
17123,17123,1.0
17125,17125,1.0
17127,17127,1.0
17129,17129,1.0
17131,17131,1.0
17133,17133,1.0
17135,17135,1.0
17137,17137,1.0
17139,17139,1.0
17141,17141,1.0
17143,17143,1.0
17145,17145,1.0
17147,17147,1.0
17149,17149,1.0
17151,17151,1.0
17153,17153,1.0
17155,17155,1.0
17157,17157,1.0
17159,17159,1.0
17161,17161,1.0
17163,17163,1.0
17165,17165,1.0
17167,17167,1.0
17169,17169,1.0
17171,17171,1.0
17173,17173,1.0
17175,17175,1.0
17177,17177,1.0
17179,17179,1.0
17181,17181,1.0
17183,17183,1.0
17185,17185,1.0
17187,17187,1.0
17189,17189,1.0
17191,17191,1.0
17193,17193,1.0
17195,17195,1.0
17197,17197,1.0
17199,17199,1.0
17201,17201,1.0
17203,17203,1.0
18001,18001,1.0
18003,18003,1.0
18005,18005,1.0
18007,18007,1.0
18009,18009,1.0
18011,18011,1.0
18013,18013,1.0
18015,18015,1.0
18017,18017,1.0
18019,18019,1.0
18021,18021,1.0
18023,18023,1.0
18025,18025,1.0
18027,18027,1.0
18029,18029,1.0
18031,18031,1.0
18033,18033,1.0
18035,18035,1.0
18037,18037,1.0
18039,18039,1.0
18041,18041,1.0
18043,18043,1.0
18045,18045,1.0
18047,18047,1.0
18049,18049,1.0
18051,18051,1.0
18053,18053,1.0
18055,18055,1.0
18057,18057,1.0
18059,18059,1.0
18061,18061,1.0
18063,18063,1.0
18065,18065,1.0
18067,18067,1.0
18069,18069,1.0
18071,18071,1.0
18073,18073,1.0
18075,18075,1.0
18077,18077,1.0
18079,18079,1.0
18081,18081,1.0
18083,18083,1.0
18085,18085,1.0
18087,18087,1.0
18089,18089,1.0
18091,18091,1.0
18093,18093,1.0
18095,18095,1.0
18097,18097,1.0
18099,18099,1.0
18101,18101,1.0
18103,18103,1.0
18105,18105,1.0
18107,18107,1.0
18109,18109,1.0
18111,18111,1.0
18113,18113,1.0
18115,18115,1.0
18117,18117,1.0
18119,18119,1.0
18121,18121,1.0
18123,18123,1.0
18125,18125,1.0
18127,18127,1.0
18129,18129,1.0
18131,18131,1.0
18133,18133,1.0
18135,18135,1.0
18137,18137,1.0
18139,18139,1.0
18141,18141,1.0
18143,18143,1.0
18145,18145,1.0
18147,18147,1.0
18149,18149,1.0
18151,18151,1.0
18153,18153,1.0
18155,18155,1.0
18157,18157,1.0
18159,18159,1.0
18161,18161,1.0
18163,18163,1.0
18165,18165,1.0
18167,18167,1.0
18169,18169,1.0
18171,18171,1.0
18173,18173,1.0
18175,18175,1.0
18177,18177,1.0
18179,18179,1.0
18181,18181,1.0
18183,18183,1.0
19001,19001,1.0
19003,19003,1.0
19005,19005,1.0
19007,19007,1.0
19009,19009,1.0
19011,19011,1.0
19013,19013,1.0
19015,19015,1.0
19017,19017,1.0
19019,19019,1.0
19021,19021,1.0
19023,19023,1.0
19025,19025,1.0
19027,19027,1.0
19029,19029,1.0
19031,19031,1.0
19033,19033,1.0
19035,19035,1.0
19037,19037,1.0
19039,19039,1.0
19041,19041,1.0
19043,19043,1.0
19045,19045,1.0
19047,19047,1.0
19049,19049,1.0
19051,19051,1.0
19053,19053,1.0
19055,19055,1.0
19057,19057,1.0
19059,19059,1.0
19061,19061,1.0
19063,19063,1.0
19065,19065,1.0
19067,19067,1.0
19069,19069,1.0
19071,19071,1.0
19073,19073,1.0
19075,19075,1.0
19077,19077,1.0
19079,19079,1.0
19081,19081,1.0
19083,19083,1.0
19085,19085,1.0
19087,19087,1.0
19089,19089,1.0
19091,19091,1.0
19093,19093,1.0
19095,19095,1.0
19097,19097,1.0
19099,19099,1.0
19101,19101,1.0
19103,19103,1.0
19105,19105,1.0
19107,19107,1.0
19109,19109,1.0
19111,19111,1.0
19113,19113,1.0
19115,19115,1.0
19117,19117,1.0
19119,19119,1.0
19121,19121,1.0
19123,19123,1.0
19125,19125,1.0
19127,19127,1.0
19129,19129,1.0
19131,19131,1.0
19133,19133,1.0
19135,19135,1.0
19137,19137,1.0
19139,19139,1.0
19141,19141,1.0
19143,19143,1.0
19145,19145,1.0
19147,19147,1.0
19149,19149,1.0
19151,19151,1.0
19153,19153,1.0
19155,19155,1.0
19157,19157,1.0
19159,19159,1.0
19161,19161,1.0
19163,19163,1.0
19165,19165,1.0
19167,19167,1.0
19169,19169,1.0
19171,19171,1.0
19173,19173,1.0
19175,19175,1.0
19177,19177,1.0
19179,19179,1.0
19181,19181,1.0
19183,19183,1.0
19185,19185,1.0
19187,19187,1.0
19189,19189,1.0
19191,19191,1.0
19193,19193,1.0
19195,19195,1.0
19197,19197,1.0
20001,20001,1.0
20003,20003,1.0
20005,20005,1.0
20007,20007,1.0
20009,20009,1.0
20011,20011,1.0
20013,20013,1.0
20015,20015,1.0
20017,20017,1.0
20019,20019,1.0
20021,20021,1.0
20023,20023,1.0
20025,20025,1.0
20027,20027,1.0
20029,20029,1.0
20031,20031,1.0
20033,20033,1.0
20035,20035,1.0
20037,20037,1.0
20039,20039,1.0
20041,20041,1.0
20043,20043,1.0
20045,20045,1.0
20047,20047,1.0
20049,20049,1.0
20051,20051,1.0
20053,20053,1.0
20055,20055,1.0
20057,20057,1.0
20059,20059,1.0
20061,20061,1.0
20063,20063,1.0
20065,20065,1.0
20067,20067,1.0
20069,20069,1.0
20071,20071,1.0
20073,20073,1.0
20075,20075,1.0
20077,20077,1.0
20079,20079,1.0
20081,20081,1.0
20083,20083,1.0
20085,20085,1.0
20087,20087,1.0
20089,20089,1.0
20091,20091,1.0
20093,20093,1.0
20095,20095,1.0
20097,20097,1.0
20099,20099,1.0
20101,20101,1.0
20103,20103,1.0
20105,20105,1.0
20107,20107,1.0
20109,20109,1.0
20111,20111,1.0
20113,20113,1.0
20115,20115,1.0
20117,20117,1.0
20119,20119,1.0
20121,20121,1.0
20123,20123,1.0
20125,20125,1.0
20127,20127,1.0
20129,20129,1.0
20131,20131,1.0
20133,20133,1.0
20135,20135,1.0
20137,20137,1.0
20139,20139,1.0
20141,20141,1.0
20143,20143,1.0
20145,20145,1.0
20147,20147,1.0
20149,20149,1.0
20151,20151,1.0
20153,20153,1.0
20155,20155,1.0
20157,20157,1.0
20159,20159,1.0
20161,20161,1.0
20163,20163,1.0
20165,20165,1.0
20167,20167,1.0
20169,20169,1.0
20171,20171,1.0
20173,20173,1.0
20175,20175,1.0
20177,20177,1.0
20179,20179,1.0
20181,20181,1.0
20183,20183,1.0
20185,20185,1.0
20187,20187,1.0
20189,20189,1.0
20191,20191,1.0
20193,20193,1.0
20195,20195,1.0
20197,20197,1.0
20199,20199,1.0
20201,20201,1.0
20203,20203,1.0
20205,20205,1.0
20207,20207,1.0
20209,20209,1.0
21001,21001,1.0
21003,21003,1.0
21005,21005,1.0
21007,21007,1.0
21009,21009,1.0
21011,21011,1.0
21013,21013,1.0
21015,21015,1.0
21017,21017,1.0
21019,21019,1.0
21021,21021,1.0
21023,21023,1.0
21025,21025,1.0
21027,21027,1.0
21029,21029,1.0
21031,21031,1.0
21033,21033,1.0
21035,21035,1.0
21037,21037,1.0
21039,21039,1.0
21041,21041,1.0
21043,21043,1.0
21045,21045,1.0
21047,21047,1.0
21049,21049,1.0
21051,21051,1.0
21053,21053,1.0
21055,21055,1.0
21057,21057,1.0
21059,21059,1.0
21061,21061,1.0
21063,21063,1.0
21065,21065,1.0
21067,21067,1.0
21069,21069,1.0
21071,21071,1.0
21073,21073,1.0
21075,21075,1.0
21077,21077,1.0
21079,21079,1.0
21081,21081,1.0
21083,21083,1.0
21085,21085,1.0
21087,21087,1.0
21089,21089,1.0
21091,21091,1.0
21093,21093,1.0
21095,21095,1.0
21097,21097,1.0
21099,21099,1.0
21101,21101,1.0
21103,21103,1.0
21105,21105,1.0
21107,21107,1.0
21109,21109,1.0
21111,21111,1.0
21113,21113,1.0
21115,21115,1.0
21117,21117,1.0
21119,21119,1.0
21121,21121,1.0
21123,21123,1.0
21125,21125,1.0
21127,21127,1.0
21129,21129,1.0
21131,21131,1.0
21133,21133,1.0
21135,21135,1.0
21137,21137,1.0
21139,21139,1.0
21141,21141,1.0
21143,21143,1.0
21145,21145,1.0
21147,21147,1.0
21149,21149,1.0
21151,21151,1.0
21153,21153,1.0
21155,21155,1.0
21157,21157,1.0
21159,21159,1.0
21161,21161,1.0
21163,21163,1.0
21165,21165,1.0
21167,21167,1.0
21169,21169,1.0
21171,21171,1.0
21173,21173,1.0
21175,21175,1.0
21177,21177,1.0
21179,21179,1.0
21181,21181,1.0
21183,21183,1.0
21185,21185,1.0
21187,21187,1.0
21189,21189,1.0
21191,21191,1.0
21193,21193,1.0
21195,21195,1.0
21197,21197,1.0
21199,21199,1.0
21201,21201,1.0
21203,21203,1.0
21205,21205,1.0
21207,21207,1.0
21209,21209,1.0
21211,21211,1.0
21213,21213,1.0
21215,21215,1.0
21217,21217,1.0
21219,21219,1.0
21221,21221,1.0
21223,21223,1.0
21225,21225,1.0
21227,21227,1.0
21229,21229,1.0
21231,21231,1.0
21233,21233,1.0
21235,21235,1.0
21237,21237,1.0
21239,21239,1.0
22001,22001,1.0
22003,22003,1.0
22005,22005,1.0
22007,22007,1.0
22009,22009,1.0
22011,22011,1.0
22013,22013,1.0
22015,22015,1.0
22017,22017,1.0
22019,22019,1.0
22021,22021,1.0
22023,22023,1.0
22025,22025,1.0
22027,22027,1.0
22029,22029,1.0
22031,22031,1.0
22033,22033,1.0
22035,22035,1.0
22037,22037,1.0
22039,22039,1.0
22041,22041,1.0
22043,22043,1.0
22045,22045,1.0
22047,22047,1.0
22049,22049,1.0
22051,22051,1.0
22053,22053,1.0
22055,22055,1.0
22057,22057,1.0
22059,22059,1.0
22061,22061,1.0
22063,22063,1.0
22065,22065,1.0
22067,22067,1.0
22069,22069,1.0
22071,22071,1.0
22073,22073,1.0
22075,22075,1.0
22077,22077,1.0
22079,22079,1.0
22081,22081,1.0
22083,22083,1.0
22085,22085,1.0
22087,22087,1.0
22089,22089,1.0
22091,22091,1.0
22093,22093,1.0
22095,22095,1.0
22097,22097,1.0
22099,22099,1.0
22101,22101,1.0
22103,22103,1.0
22105,22105,1.0
22107,22107,1.0
22109,22109,1.0
22111,22111,1.0
22113,22113,1.0
22115,22115,1.0
22117,22117,1.0
22119,22119,1.0
22121,22121,1.0
22123,22123,1.0
22125,22125,1.0
22127,22127,1.0
23001,23001,1.0
23003,23003,1.0
23005,23005,1.0
23007,23007,1.0
23009,23009,1.0
23011,23011,1.0
23013,23013,1.0
23015,23015,1.0
23017,23017,1.0
23019,23019,1.0
23021,23021,1.0
23023,23023,1.0
23025,23025,1.0
23027,23027,1.0
23029,23029,1.0
23031,23031,1.0
24001,24001,1.0
24003,24003,1.0
24005,24005,1.0
24009,24009,1.0
24011,24011,1.0
24013,24013,1.0
24015,24015,1.0
24017,24017,1.0
24019,24019,1.0
24021,24021,1.0
24023,24023,1.0
24025,24025,1.0
24027,24027,1.0
24029,24029,1.0
24031,24031,1.0
24033,24033,1.0
24035,24035,1.0
24037,24037,1.0
24039,24039,1.0
24041,24041,1.0
24043,24043,1.0
24045,24045,1.0
24047,24047,1.0
24510,24510,1.0
25001,25001,1.0
25003,25003,1.0
25005,25005,1.0
25007,25007,1.0
25009,25009,1.0
25011,25011,1.0
25013,25013,1.0
25015,25015,1.0
25017,25017,1.0
25019,25019,1.0
25021,25021,1.0
25023,25023,1.0
25025,25025,1.0
25027,25027,1.0
26001,26001,1.0
26003,26003,1.0
26005,26005,1.0
26007,26007,1.0
26009,26009,1.0
26011,26011,1.0
26013,26013,1.0
26015,26015,1.0
26017,26017,1.0
26019,26019,1.0
26021,26021,1.0
26023,26023,1.0
26025,26025,1.0
26027,26027,1.0
26029,26029,1.0
26031,26031,1.0
26033,26033,1.0
26035,26035,1.0
26037,26037,1.0
26039,26039,1.0
26041,26041,1.0
26043,26043,1.0
26045,26045,1.0
26047,26047,1.0
26049,26049,1.0
26051,26051,1.0
26053,26053,1.0
26055,26055,1.0
26057,26057,1.0
26059,26059,1.0
26061,26061,1.0
26063,26063,1.0
26065,26065,1.0
26067,26067,1.0
26069,26069,1.0
26071,26071,1.0
26073,26073,1.0
26075,26075,1.0
26077,26077,1.0
26079,26079,1.0
26081,26081,1.0
26083,26083,1.0
26085,26085,1.0
26087,26087,1.0
26089,26089,1.0
26091,26091,1.0
26093,26093,1.0
26095,26095,1.0
26097,26097,1.0
26099,26099,1.0
26101,26101,1.0
26103,26103,1.0
26105,26105,1.0
26107,26107,1.0
26109,26109,1.0
26111,26111,1.0
26113,26113,1.0
26115,26115,1.0
26117,26117,1.0
26119,26119,1.0
26121,26121,1.0
26123,26123,1.0
26125,26125,1.0
26127,26127,1.0
26129,26129,1.0
26131,26131,1.0
26133,26133,1.0
26135,26135,1.0
26137,26137,1.0
26139,26139,1.0
26141,26141,1.0
26143,26143,1.0
26145,26145,1.0
26147,26147,1.0
26149,26149,1.0
26151,26151,1.0
26153,26153,1.0
26155,26155,1.0
26157,26157,1.0
26159,26159,1.0
26161,26161,1.0
26163,26163,1.0
26165,26165,1.0
27001,27001,1.0
27003,27003,1.0
27005,27005,1.0
27007,27007,1.0
27009,27009,1.0
27011,27011,1.0
27013,27013,1.0
27015,27015,1.0
27017,27017,1.0
27019,27019,1.0
27021,27021,1.0
27023,27023,1.0
27025,27025,1.0
27027,27027,1.0
27029,27029,1.0
27031,27031,1.0
27033,27033,1.0
27035,27035,1.0
27037,27037,1.0
27039,27039,1.0
27041,27041,1.0
27043,27043,1.0
27045,27045,1.0
27047,27047,1.0
27049,27049,1.0
27051,27051,1.0
27053,27053,1.0
27055,27055,1.0
27057,27057,1.0
27059,27059,1.0
27061,27061,1.0
27063,27063,1.0
27065,27065,1.0
27067,27067,1.0
27069,27069,1.0
27071,27071,1.0
27073,27073,1.0
27075,27075,1.0
27077,27077,1.0
27079,27079,1.0
27081,27081,1.0
27083,27083,1.0
27085,27085,1.0
27087,27087,1.0
27089,27089,1.0
27091,27091,1.0
27093,27093,1.0
27095,27095,1.0
27097,27097,1.0
27099,27099,1.0
27101,27101,1.0
27103,27103,1.0
27105,27105,1.0
27107,27107,1.0
27109,27109,1.0
27111,27111,1.0
27113,27113,1.0
27115,27115,1.0
27117,27117,1.0
27119,27119,1.0
27121,27121,1.0
27123,27123,1.0
27125,27125,1.0
27127,27127,1.0
27129,27129,1.0
27131,27131,1.0
27133,27133,1.0
27135,27135,1.0
27137,27137,1.0
27139,27139,1.0
27141,27141,1.0
27143,27143,1.0
27145,27145,1.0
27147,27147,1.0
27149,27149,1.0
27151,27151,1.0
27153,27153,1.0
27155,27155,1.0
27157,27157,1.0
27159,27159,1.0
27161,27161,1.0
27163,27163,1.0
27165,27165,1.0
27167,27167,1.0
27169,27169,1.0
27171,27171,1.0
27173,27173,1.0
28001,28001,1.0
28003,28003,1.0
28005,28005,1.0
28007,28007,1.0
28009,28009,1.0
28011,28011,1.0
28013,28013,1.0
28015,28015,1.0
28017,28017,1.0
28019,28019,1.0
28021,28021,1.0
28023,28023,1.0
28025,28025,1.0
28027,28027,1.0
28029,28029,1.0
28031,28031,1.0
28033,28033,1.0
28035,28035,1.0
28037,28037,1.0
28039,28039,1.0
28041,28041,1.0
28043,28043,1.0
28045,28045,1.0
28047,28047,1.0
28049,28049,1.0
28051,28051,1.0
28053,28053,1.0
28055,28055,1.0
28057,28057,1.0
28059,28059,1.0
28061,28061,1.0
28063,28063,1.0
28065,28065,1.0
28067,28067,1.0
28069,28069,1.0
28071,28071,1.0
28073,28073,1.0
28075,28075,1.0
28077,28077,1.0
28079,28079,1.0
28081,28081,1.0
28083,28083,1.0
28085,28085,1.0
28087,28087,1.0
28089,28089,1.0
28091,28091,1.0
28093,28093,1.0
28095,28095,1.0
28097,28097,1.0
28099,28099,1.0
28101,28101,1.0
28103,28103,1.0
28105,28105,1.0
28107,28107,1.0
28109,28109,1.0
28111,28111,1.0
28113,28113,1.0
28115,28115,1.0
28117,28117,1.0
28119,28119,1.0
28121,28121,1.0
28123,28123,1.0
28125,28125,1.0
28127,28127,1.0
28129,28129,1.0
28131,28131,1.0
28133,28133,1.0
28135,28135,1.0
28137,28137,1.0
28139,28139,1.0
28141,28141,1.0
28143,28143,1.0
28145,28145,1.0
28147,28147,1.0
28149,28149,1.0
28151,28151,1.0
28153,28153,1.0
28155,28155,1.0
28157,28157,1.0
28159,28159,1.0
28161,28161,1.0
28163,28163,1.0
29001,29001,1.0
29003,29003,1.0
29005,29005,1.0
29007,29007,1.0
29009,29009,1.0
29011,29011,1.0
29013,29013,1.0
29015,29015,1.0
29017,29017,1.0
29019,29019,1.0
29021,29021,1.0
29023,29023,1.0
29025,29025,1.0
29027,29027,1.0
29029,29029,1.0
29031,29031,1.0
29033,29033,1.0
29035,29035,1.0
29037,29037,1.0
29039,29039,1.0
29041,29041,1.0
29043,29043,1.0
29045,29045,1.0
29047,29047,1.0
29049,29049,1.0
29051,29051,1.0
29053,29053,1.0
29055,29055,1.0
29057,29057,1.0
29059,29059,1.0
29061,29061,1.0
29063,29063,1.0
29065,29065,1.0
29067,29067,1.0
29069,29069,1.0
29071,29071,1.0
29073,29073,1.0
29075,29075,1.0
29077,29077,1.0
29079,29079,1.0
29081,29081,1.0
29083,29083,1.0
29085,29085,1.0
29087,29087,1.0
29089,29089,1.0
29091,29091,1.0
29093,29093,1.0
29095,29095,1.0
29097,29097,1.0
29099,29099,1.0
29101,29101,1.0
29103,29103,1.0
29105,29105,1.0
29107,29107,1.0
29109,29109,1.0
29111,29111,1.0
29113,29113,1.0
29115,29115,1.0
29117,29117,1.0
29119,29119,1.0
29121,29121,1.0
29123,29123,1.0
29125,29125,1.0
29127,29127,1.0
29129,29129,1.0
29131,29131,1.0
29133,29133,1.0
29135,29135,1.0
29137,29137,1.0
29139,29139,1.0
29141,29141,1.0
29143,29143,1.0
29145,29145,1.0
29147,29147,1.0
29149,29149,1.0
29151,29151,1.0
29153,29153,1.0
29155,29155,1.0
29157,29157,1.0
29159,29159,1.0
29161,29161,1.0
29163,29163,1.0
29165,29165,1.0
29167,29167,1.0
29169,29169,1.0
29171,29171,1.0
29173,29173,1.0
29175,29175,1.0
29177,29177,1.0
29179,29179,1.0
29181,29181,1.0
29183,29183,1.0
29185,29185,1.0
29186,29186,1.0
29187,29187,1.0
29189,29189,1.0
29195,29195,1.0
29197,29197,1.0
29199,29199,1.0
29201,29201,1.0
29203,29203,1.0
29205,29205,1.0
29207,29207,1.0
29209,29209,1.0
29211,29211,1.0
29213,29213,1.0
29215,29215,1.0
29217,29217,1.0
29219,29219,1.0
29221,29221,1.0
29223,29223,1.0
29225,29225,1.0
29227,29227,1.0
29229,29229,1.0
29510,29510,1.0
30001,30001,1.0
30003,30003,1.0
30005,30005,1.0
30007,30007,1.0
30009,30009,1.0
30011,30011,1.0
30013,30013,1.0
30015,30015,1.0
30017,30017,1.0
30019,30019,1.0
30021,30021,1.0
30023,30023,1.0
30025,30025,1.0
30027,30027,1.0
30029,30029,1.0
30031,30031,1.0
30033,30033,1.0
30035,30035,1.0
30037,30037,1.0
30039,30039,1.0
30041,30041,1.0
30043,30043,1.0
30045,30045,1.0
30047,30047,1.0
30049,30049,1.0
30051,30051,1.0
30053,30053,1.0
30055,30055,1.0
30057,30057,1.0
30059,30059,1.0
30061,30061,1.0
30063,30063,1.0
30065,30065,1.0
30067,30067,1.0
30069,30069,1.0
30071,30071,1.0
30073,30073,1.0
30075,30075,1.0
30077,30077,1.0
30079,30079,1.0
30081,30081,1.0
30083,30083,1.0
30085,30085,1.0
30087,30087,1.0
30089,30089,1.0
30091,30091,1.0
30093,30093,1.0
30095,30095,1.0
30097,30097,1.0
30099,30099,1.0
30101,30101,1.0
30103,30103,1.0
30105,30105,1.0
30107,30107,1.0
30109,30109,1.0
30111,30111,1.0
31001,31001,1.0
31003,31003,1.0
31005,31005,1.0
31007,31007,1.0
31009,31009,1.0
31011,31011,1.0
31013,31013,1.0
31015,31015,1.0
31017,31017,1.0
31019,31019,1.0
31021,31021,1.0
31023,31023,1.0
31025,31025,1.0
31027,31027,1.0
31029,31029,1.0
31031,31031,1.0
31033,31033,1.0
31035,31035,1.0
31037,31037,1.0
31039,31039,1.0
31041,31041,1.0
31043,31043,1.0
31045,31045,1.0
31047,31047,1.0
31049,31049,1.0
31051,31051,1.0
31053,31053,1.0
31055,31055,1.0
31057,31057,1.0
31059,31059,1.0
31061,31061,1.0
31063,31063,1.0
31065,31065,1.0
31067,31067,1.0
31069,31069,1.0
31071,31071,1.0
31073,31073,1.0
31075,31075,1.0
31077,31077,1.0
31079,31079,1.0
31081,31081,1.0
31083,31083,1.0
31085,31085,1.0
31087,31087,1.0
31089,31089,1.0
31091,31091,1.0
31093,31093,1.0
31095,31095,1.0
31097,31097,1.0
31099,31099,1.0
31101,31101,1.0
31103,31103,1.0
31105,31105,1.0
31107,31107,1.0
31109,31109,1.0
31111,31111,1.0
31113,31113,1.0
31115,31115,1.0
31117,31117,1.0
31119,31119,1.0
31121,31121,1.0
31123,31123,1.0
31125,31125,1.0
31127,31127,1.0
31129,31129,1.0
31131,31131,1.0
31133,31133,1.0
31135,31135,1.0
31137,31137,1.0
31139,31139,1.0
31141,31141,1.0
31143,31143,1.0
31145,31145,1.0
31147,31147,1.0
31149,31149,1.0
31151,31151,1.0
31153,31153,1.0
31155,31155,1.0
31157,31157,1.0
31159,31159,1.0
31161,31161,1.0
31163,31163,1.0
31165,31165,1.0
31167,31167,1.0
31169,31169,1.0
31171,31171,1.0
31173,31173,1.0
31175,31175,1.0
31177,31177,1.0
31179,31179,1.0
31181,31181,1.0
31183,31183,1.0
31185,31185,1.0
32001,32001,1.0
32003,32003,1.0
32005,32005,1.0
32007,32007,1.0
32009,32009,1.0
32011,32011,1.0
32013,32013,1.0
32015,32015,1.0
32017,32017,1.0
32019,32019,1.0
32021,32021,1.0
32023,32023,1.0
32027,32027,1.0
32029,32029,1.0
32031,32031,1.0
32033,32033,1.0
32510,32510,1.0
33001,33001,1.0
33003,33003,1.0
33005,33005,1.0
33007,33007,1.0
33009,33009,1.0
33011,33011,1.0
33013,33013,1.0
33015,33015,1.0
33017,33017,1.0
33019,33019,1.0
34001,34001,1.0
34003,34003,1.0
34005,34005,1.0
34007,34007,1.0
34009,34009,1.0
34011,34011,1.0
34013,34013,1.0
34015,34015,1.0
34017,34017,1.0
34019,34019,1.0
34021,34021,1.0
34023,34023,1.0
34025,34025,1.0
34027,34027,1.0
34029,34029,1.0
34031,34031,1.0
34033,34033,1.0
34035,34035,1.0
34037,34037,1.0
34039,34039,1.0
34041,34041,1.0
35001,35001,1.0
35003,35003,1.0
35005,35005,1.0
35006,35006,1.0
35007,35007,1.0
35009,35009,1.0
35011,35011,1.0
35013,35013,1.0
35015,35015,1.0
35017,35017,1.0
35019,35019,1.0
35021,35021,1.0
35023,35023,1.0
35025,35025,1.0
35027,35027,1.0
35028,35028,1.0
35029,35029,1.0
35031,35031,1.0
35033,35033,1.0
35035,35035,1.0
35037,35037,1.0
35039,35039,1.0
35041,35041,1.0
35043,35043,1.0
35045,35045,1.0
35047,35047,1.0
35049,35049,1.0
35051,35051,1.0
35053,35053,1.0
35055,35055,1.0
35057,35057,1.0
35059,35059,1.0
35061,35061,1.0
36001,36001,1.0
36003,36003,1.0
36005,36005,1.0
36007,36007,1.0
36009,36009,1.0
36011,36011,1.0
36013,36013,1.0
36015,36015,1.0
36017,36017,1.0
36019,36019,1.0
36021,36021,1.0
36023,36023,1.0
36025,36025,1.0
36027,36027,1.0
36029,36029,1.0
36031,36031,1.0
36033,36033,1.0
36035,36035,1.0
36037,36037,1.0
36039,36039,1.0
36041,36041,1.0
36043,36043,1.0
36045,36045,1.0
36047,36047,1.0
36049,36049,1.0
36051,36051,1.0
36053,36053,1.0
36055,36055,1.0
36057,36057,1.0
36059,36059,1.0
36061,36061,1.0
36063,36063,1.0
36065,36065,1.0
36067,36067,1.0
36069,36069,1.0
36071,36071,1.0
36073,36073,1.0
36075,36075,1.0
36077,36077,1.0
36079,36079,1.0
36081,36081,1.0
36083,36083,1.0
36085,36085,1.0
36087,36087,1.0
36089,36089,1.0
36091,36091,1.0
36093,36093,1.0
36095,36095,1.0
36097,36097,1.0
36099,36099,1.0
36101,36101,1.0
36103,36103,1.0
36105,36105,1.0
36107,36107,1.0
36109,36109,1.0
36111,36111,1.0
36113,36113,1.0
36115,36115,1.0
36117,36117,1.0
36119,36119,1.0
36121,36121,1.0
36123,36123,1.0
37001,37001,1.0
37003,37003,1.0
37005,37005,1.0
37007,37007,1.0
37009,37009,1.0
37011,37011,1.0
37013,37013,1.0
37015,37015,1.0
37017,37017,1.0
37019,37019,1.0
37021,37021,1.0
37023,37023,1.0
37025,37025,1.0
37027,37027,1.0
37029,37029,1.0
37031,37031,1.0
37033,37033,1.0
37035,37035,1.0
37037,37037,1.0
37039,37039,1.0
37041,37041,1.0
37043,37043,1.0
37045,37045,1.0
37047,37047,1.0
37049,37049,1.0
37051,37051,1.0
37053,37053,1.0
37055,37055,1.0
37057,37057,1.0
37059,37059,1.0
37061,37061,1.0
37063,37063,1.0
37065,37065,1.0
37067,37067,1.0
37069,37069,1.0
37071,37071,1.0
37073,37073,1.0
37075,37075,1.0
37077,37077,1.0
37079,37079,1.0
37081,37081,1.0
37083,37083,1.0
37085,37085,1.0
37087,37087,1.0
37089,37089,1.0
37091,37091,1.0
37093,37093,1.0
37095,37095,1.0
37097,37097,1.0
37099,37099,1.0
37101,37101,1.0
37103,37103,1.0
37105,37105,1.0
37107,37107,1.0
37109,37109,1.0
37111,37111,1.0
37113,37113,1.0
37115,37115,1.0
37117,37117,1.0
37119,37119,1.0
37121,37121,1.0
37123,37123,1.0
37125,37125,1.0
37127,37127,1.0
37129,37129,1.0
37131,37131,1.0
37133,37133,1.0
37135,37135,1.0
37137,37137,1.0
37139,37139,1.0
37141,37141,1.0
37143,37143,1.0
37145,37145,1.0
37147,37147,1.0
37149,37149,1.0
37151,37151,1.0
37153,37153,1.0
37155,37155,1.0
37157,37157,1.0
37159,37159,1.0
37161,37161,1.0
37163,37163,1.0
37165,37165,1.0
37167,37167,1.0
37169,37169,1.0
37171,37171,1.0
37173,37173,1.0
37175,37175,1.0
37177,37177,1.0
37179,37179,1.0
37181,37181,1.0
37183,37183,1.0
37185,37185,1.0
37187,37187,1.0
37189,37189,1.0
37191,37191,1.0
37193,37193,1.0
37195,37195,1.0
37197,37197,1.0
37199,37199,1.0
38001,38001,1.0
38003,38003,1.0
38005,38005,1.0
38007,38007,1.0
38009,38009,1.0
38011,38011,1.0
38013,38013,1.0
38015,38015,1.0
38017,38017,1.0
38019,38019,1.0
38021,38021,1.0
38023,38023,1.0
38025,38025,1.0
38027,38027,1.0
38029,38029,1.0
38031,38031,1.0
38033,38033,1.0
38035,38035,1.0
38037,38037,1.0
38039,38039,1.0
38041,38041,1.0
38043,38043,1.0
38045,38045,1.0
38047,38047,1.0
38049,38049,1.0
38051,38051,1.0
38053,38053,1.0
38055,38055,1.0
38057,38057,1.0
38059,38059,1.0
38061,38061,1.0
38063,38063,1.0
38065,38065,1.0
38067,38067,1.0
38069,38069,1.0
38071,38071,1.0
38073,38073,1.0
38075,38075,1.0
38077,38077,1.0
38079,38079,1.0
38081,38081,1.0
38083,38083,1.0
38085,38085,1.0
38087,38087,1.0
38089,38089,1.0
38091,38091,1.0
38093,38093,1.0
38095,38095,1.0
38097,38097,1.0
38099,38099,1.0
38101,38101,1.0
38103,38103,1.0
38105,38105,1.0
39001,39001,1.0
39003,39003,1.0
39005,39005,1.0
39007,39007,1.0
39009,39009,1.0
39011,39011,1.0
39013,39013,1.0
39015,39015,1.0
39017,39017,1.0
39019,39019,1.0
39021,39021,1.0
39023,39023,1.0
39025,39025,1.0
39027,39027,1.0
39029,39029,1.0
39031,39031,1.0
39033,39033,1.0
39035,39035,1.0
39037,39037,1.0
39039,39039,1.0
39041,39041,1.0
39043,39043,1.0
39045,39045,1.0
39047,39047,1.0
39049,39049,1.0
39051,39051,1.0
39053,39053,1.0
39055,39055,1.0
39057,39057,1.0
39059,39059,1.0
39061,39061,1.0
39063,39063,1.0
39065,39065,1.0
39067,39067,1.0
39069,39069,1.0
39071,39071,1.0
39073,39073,1.0
39075,39075,1.0
39077,39077,1.0
39079,39079,1.0
39081,39081,1.0
39083,39083,1.0
39085,39085,1.0
39087,39087,1.0
39089,39089,1.0
39091,39091,1.0
39093,39093,1.0
39095,39095,1.0
39097,39097,1.0
39099,39099,1.0
39101,39101,1.0
39103,39103,1.0
39105,39105,1.0
39107,39107,1.0
39109,39109,1.0
39111,39111,1.0
39113,39113,1.0
39115,39115,1.0
39117,39117,1.0
39119,39119,1.0
39121,39121,1.0
39123,39123,1.0
39125,39125,1.0
39127,39127,1.0
39129,39129,1.0
39131,39131,1.0
39133,39133,1.0
39135,39135,1.0
39137,39137,1.0
39139,39139,1.0
39141,39141,1.0
39143,39143,1.0
39145,39145,1.0
39147,39147,1.0
39149,39149,1.0
39151,39151,1.0
39153,39153,1.0
39155,39155,1.0
39157,39157,1.0
39159,39159,1.0
39161,39161,1.0
39163,39163,1.0
39165,39165,1.0
39167,39167,1.0
39169,39169,1.0
39171,39171,1.0
39173,39173,1.0
39175,39175,1.0
40001,40001,1.0
40003,40003,1.0
40005,40005,1.0
40007,40007,1.0
40009,40009,1.0
40011,40011,1.0
40013,40013,1.0
40015,40015,1.0
40017,40017,1.0
40019,40019,1.0
40021,40021,1.0
40023,40023,1.0
40025,40025,1.0
40027,40027,1.0
40029,40029,1.0
40031,40031,1.0
40033,40033,1.0
40035,40035,1.0
40037,40037,1.0
40039,40039,1.0
40041,40041,1.0
40043,40043,1.0
40045,40045,1.0
40047,40047,1.0
40049,40049,1.0
40051,40051,1.0
40053,40053,1.0
40055,40055,1.0
40057,40057,1.0
40059,40059,1.0
40061,40061,1.0
40063,40063,1.0
40065,40065,1.0
40067,40067,1.0
40069,40069,1.0
40071,40071,1.0
40073,40073,1.0
40075,40075,1.0
40077,40077,1.0
40079,40079,1.0
40081,40081,1.0
40083,40083,1.0
40085,40085,1.0
40087,40087,1.0
40089,40089,1.0
40091,40091,1.0
40093,40093,1.0
40095,40095,1.0
40097,40097,1.0
40099,40099,1.0
40101,40101,1.0
40103,40103,1.0
40105,40105,1.0
40107,40107,1.0
40109,40109,1.0
40111,40111,1.0
40113,40113,1.0
40115,40115,1.0
40117,40117,1.0
40119,40119,1.0
40121,40121,1.0
40123,40123,1.0
40125,40125,1.0
40127,40127,1.0
40129,40129,1.0
40131,40131,1.0
40133,40133,1.0
40135,40135,1.0
40137,40137,1.0
40139,40139,1.0
40141,40141,1.0
40143,40143,1.0
40145,40145,1.0
40147,40147,1.0
40149,40149,1.0
40151,40151,1.0
40153,40153,1.0
41001,41001,1.0
41003,41003,1.0
41005,41005,1.0
41007,41007,1.0
41009,41009,1.0
41011,41011,1.0
41013,41013,1.0
41015,41015,1.0
41017,41017,1.0
41019,41019,1.0
41021,41021,1.0
41023,41023,1.0
41025,41025,1.0
41027,41027,1.0
41029,41029,1.0
41031,41031,1.0
41033,41033,1.0
41035,41035,1.0
41037,41037,1.0
41039,41039,1.0
41041,41041,1.0
41043,41043,1.0
41045,41045,1.0
41047,41047,1.0
41049,41049,1.0
41051,41051,1.0
41053,41053,1.0
41055,41055,1.0
41057,41057,1.0
41059,41059,1.0
41061,41061,1.0
41063,41063,1.0
41065,41065,1.0
41067,41067,1.0
41069,41069,1.0
41071,41071,1.0
42001,42001,1.0
42003,42003,1.0
42005,42005,1.0
42007,42007,1.0
42009,42009,1.0
42011,42011,1.0
42013,42013,1.0
42015,42015,1.0
42017,42017,1.0
42019,42019,1.0
42021,42021,1.0
42023,42023,1.0
42025,42025,1.0
42027,42027,1.0
42029,42029,1.0
42031,42031,1.0
42033,42033,1.0
42035,42035,1.0
42037,42037,1.0
42039,42039,1.0
42041,42041,1.0
42043,42043,1.0
42045,42045,1.0
42047,42047,1.0
42049,42049,1.0
42051,42051,1.0
42053,42053,1.0
42055,42055,1.0
42057,42057,1.0
42059,42059,1.0
42061,42061,1.0
42063,42063,1.0
42065,42065,1.0
42067,42067,1.0
42069,42069,1.0
42071,42071,1.0
42073,42073,1.0
42075,42075,1.0
42077,42077,1.0
42079,42079,1.0
42081,42081,1.0
42083,42083,1.0
42085,42085,1.0
42087,42087,1.0
42089,42089,1.0
42091,42091,1.0
42093,42093,1.0
42095,42095,1.0
42097,42097,1.0
42099,42099,1.0
42101,42101,1.0
42103,42103,1.0
42105,42105,1.0
42107,42107,1.0
42109,42109,1.0
42111,42111,1.0
42113,42113,1.0
42115,42115,1.0
42117,42117,1.0
42119,42119,1.0
42121,42121,1.0
42123,42123,1.0
42125,42125,1.0
42127,42127,1.0
42129,42129,1.0
42131,42131,1.0
42133,42133,1.0
44001,44001,1.0
44003,44003,1.0
44005,44005,1.0
44007,44007,1.0
44009,44009,1.0
45001,45001,1.0
45003,45003,1.0
45005,45005,1.0
45007,45007,1.0
45009,45009,1.0
45011,45011,1.0
45013,45013,1.0
45015,45015,1.0
45017,45017,1.0
45019,45019,1.0
45021,45021,1.0
45023,45023,1.0
45025,45025,1.0
45027,45027,1.0
45029,45029,1.0
45031,45031,1.0
45033,45033,1.0
45035,45035,1.0
45037,45037,1.0
45039,45039,1.0
45041,45041,1.0
45043,45043,1.0
45045,45045,1.0
45047,45047,1.0
45049,45049,1.0
45051,45051,1.0
45053,45053,1.0
45055,45055,1.0
45057,45057,1.0
45059,45059,1.0
45061,45061,1.0
45063,45063,1.0
45065,45065,1.0
45067,45067,1.0
45069,45069,1.0
45071,45071,1.0
45073,45073,1.0
45075,45075,1.0
45077,45077,1.0
45079,45079,1.0
45081,45081,1.0
45083,45083,1.0
45085,45085,1.0
45087,45087,1.0
45089,45089,1.0
45091,45091,1.0
46003,46003,1.0
46005,46005,1.0
46007,46007,1.0
46009,46009,1.0
46011,46011,1.0
46013,46013,1.0
46015,46015,1.0
46017,46017,1.0
46019,46019,1.0
46021,46021,1.0
46023,46023,1.0
46025,46025,1.0
46027,46027,1.0
46029,46029,1.0
46031,46031,1.0
46033,46033,1.0
46035,46035,1.0
46037,46037,1.0
46039,46039,1.0
46041,46041,1.0
46043,46043,1.0
46045,46045,1.0
46047,46047,1.0
46049,46049,1.0
46051,46051,1.0
46053,46053,1.0
46055,46055,1.0
46057,46057,1.0
46059,46059,1.0
46061,46061,1.0
46063,46063,1.0
46065,46065,1.0
46067,46067,1.0
46069,46069,1.0
46071,46071,1.0
46073,46073,1.0
46075,46075,1.0
46077,46077,1.0
46079,46079,1.0
46081,46081,1.0
46083,46083,1.0
46085,46085,1.0
46087,46087,1.0
46089,46089,1.0
46091,46091,1.0
46093,46093,1.0
46095,46095,1.0
46097,46097,1.0
46099,46099,1.0
46101,46101,1.0
46102,46102,1.0
46103,46103,1.0
46105,46105,1.0
46107,46107,1.0
46109,46109,1.0
46111,46111,1.0
46115,46115,1.0
46117,46117,1.0
46119,46119,1.0
46121,46121,1.0
46123,46123,1.0
46125,46125,1.0
46127,46127,1.0
46129,46129,1.0
46135,46135,1.0
46137,46137,1.0
47001,47001,1.0
47003,47003,1.0
47005,47005,1.0
47007,47007,1.0
47009,47009,1.0
47011,47011,1.0
47013,47013,1.0
47015,47015,1.0
47017,47017,1.0
47019,47019,1.0
47021,47021,1.0
47023,47023,1.0
47025,47025,1.0
47027,47027,1.0
47029,47029,1.0
47031,47031,1.0
47033,47033,1.0
47035,47035,1.0
47037,47037,1.0
47039,47039,1.0
47041,47041,1.0
47043,47043,1.0
47045,47045,1.0
47047,47047,1.0
47049,47049,1.0
47051,47051,1.0
47053,47053,1.0
47055,47055,1.0
47057,47057,1.0
47059,47059,1.0
47061,47061,1.0
47063,47063,1.0
47065,47065,1.0
47067,47067,1.0
47069,47069,1.0
47071,47071,1.0
47073,47073,1.0
47075,47075,1.0
47077,47077,1.0
47079,47079,1.0
47081,47081,1.0
47083,47083,1.0
47085,47085,1.0
47087,47087,1.0
47089,47089,1.0
47091,47091,1.0
47093,47093,1.0
47095,47095,1.0
47097,47097,1.0
47099,47099,1.0
47101,47101,1.0
47103,47103,1.0
47105,47105,1.0
47107,47107,1.0
47109,47109,1.0
47111,47111,1.0
47113,47113,1.0
47115,47115,1.0
47117,47117,1.0
47119,47119,1.0
47121,47121,1.0
47123,47123,1.0
47125,47125,1.0
47127,47127,1.0
47129,47129,1.0
47131,47131,1.0
47133,47133,1.0
47135,47135,1.0
47137,47137,1.0
47139,47139,1.0
47141,47141,1.0
47143,47143,1.0
47145,47145,1.0
47147,47147,1.0
47149,47149,1.0
47151,47151,1.0
47153,47153,1.0
47155,47155,1.0
47157,47157,1.0
47159,47159,1.0
47161,47161,1.0
47163,47163,1.0
47165,47165,1.0
47167,47167,1.0
47169,47169,1.0
47171,47171,1.0
47173,47173,1.0
47175,47175,1.0
47177,47177,1.0
47179,47179,1.0
47181,47181,1.0
47183,47183,1.0
47185,47185,1.0
47187,47187,1.0
47189,47189,1.0
48001,48001,1.0
48003,48003,1.0
48005,48005,1.0
48007,48007,1.0
48009,48009,1.0
48011,48011,1.0
48013,48013,1.0
48015,48015,1.0
48017,48017,1.0
48019,48019,1.0
48021,48021,1.0
48023,48023,1.0
48025,48025,1.0
48027,48027,1.0
48029,48029,1.0
48031,48031,1.0
48033,48033,1.0
48035,48035,1.0
48037,48037,1.0
48039,48039,1.0
48041,48041,1.0
48043,48043,1.0
48045,48045,1.0
48047,48047,1.0
48049,48049,1.0
48051,48051,1.0
48053,48053,1.0
48055,48055,1.0
48057,48057,1.0
48059,48059,1.0
48061,48061,1.0
48063,48063,1.0
48065,48065,1.0
48067,48067,1.0
48069,48069,1.0
48071,48071,1.0
48073,48073,1.0
48075,48075,1.0
48077,48077,1.0
48079,48079,1.0
48081,48081,1.0
48083,48083,1.0
48085,48085,1.0
48087,48087,1.0
48089,48089,1.0
48091,48091,1.0
48093,48093,1.0
48095,48095,1.0
48097,48097,1.0
48099,48099,1.0
48101,48101,1.0
48103,48103,1.0
48105,48105,1.0
48107,48107,1.0
48109,48109,1.0
48111,48111,1.0
48113,48113,1.0
48115,48115,1.0
48117,48117,1.0
48119,48119,1.0
48121,48121,1.0
48123,48123,1.0
48125,48125,1.0
48127,48127,1.0
48129,48129,1.0
48131,48131,1.0
48133,48133,1.0
48135,48135,1.0
48137,48137,1.0
48139,48139,1.0
48141,48141,1.0
48143,48143,1.0
48145,48145,1.0
48147,48147,1.0
48149,48149,1.0
48151,48151,1.0
48153,48153,1.0
48155,48155,1.0
48157,48157,1.0
48159,48159,1.0
48161,48161,1.0
48163,48163,1.0
48165,48165,1.0
48167,48167,1.0
48169,48169,1.0
48171,48171,1.0
48173,48173,1.0
48175,48175,1.0
48177,48177,1.0
48179,48179,1.0
48181,48181,1.0
48183,48183,1.0
48185,48185,1.0
48187,48187,1.0
48189,48189,1.0
48191,48191,1.0
48193,48193,1.0
48195,48195,1.0
48197,48197,1.0
48199,48199,1.0
48201,48201,1.0
48203,48203,1.0
48205,48205,1.0
48207,48207,1.0
48209,48209,1.0
48211,48211,1.0
48213,48213,1.0
48215,48215,1.0
48217,48217,1.0
48219,48219,1.0
48221,48221,1.0
48223,48223,1.0
48225,48225,1.0
48227,48227,1.0
48229,48229,1.0
48231,48231,1.0
48233,48233,1.0
48235,48235,1.0
48237,48237,1.0
48239,48239,1.0
48241,48241,1.0
48243,48243,1.0
48245,48245,1.0
48247,48247,1.0
48249,48249,1.0
48251,48251,1.0
48253,48253,1.0
48255,48255,1.0
48257,48257,1.0
48259,48259,1.0
48261,48261,1.0
48263,48263,1.0
48265,48265,1.0
48267,48267,1.0
48269,48269,1.0
48271,48271,1.0
48273,48273,1.0
48275,48275,1.0
48277,48277,1.0
48279,48279,1.0
48281,48281,1.0
48283,48283,1.0
48285,48285,1.0
48287,48287,1.0
48289,48289,1.0
48291,48291,1.0
48293,48293,1.0
48295,48295,1.0
48297,48297,1.0
48299,48299,1.0
48301,48301,1.0
48303,48303,1.0
48305,48305,1.0
48307,48307,1.0
48309,48309,1.0
48311,48311,1.0
48313,48313,1.0
48315,48315,1.0
48317,48317,1.0
48319,48319,1.0
48321,48321,1.0
48323,48323,1.0
48325,48325,1.0
48327,48327,1.0
48329,48329,1.0
48331,48331,1.0
48333,48333,1.0
48335,48335,1.0
48337,48337,1.0
48339,48339,1.0
48341,48341,1.0
48343,48343,1.0
48345,48345,1.0
48347,48347,1.0
48349,48349,1.0
48351,48351,1.0
48353,48353,1.0
48355,48355,1.0
48357,48357,1.0
48359,48359,1.0
48361,48361,1.0
48363,48363,1.0
48365,48365,1.0
48367,48367,1.0
48369,48369,1.0
48371,48371,1.0
48373,48373,1.0
48375,48375,1.0
48377,48377,1.0
48379,48379,1.0
48381,48381,1.0
48383,48383,1.0
48385,48385,1.0
48387,48387,1.0
48389,48389,1.0
48391,48391,1.0
48393,48393,1.0
48395,48395,1.0
48397,48397,1.0
48399,48399,1.0
48401,48401,1.0
48403,48403,1.0
48405,48405,1.0
48407,48407,1.0
48409,48409,1.0
48411,48411,1.0
48413,48413,1.0
48415,48415,1.0
48417,48417,1.0
48419,48419,1.0
48421,48421,1.0
48423,48423,1.0
48425,48425,1.0
48427,48427,1.0
48429,48429,1.0
48431,48431,1.0
48433,48433,1.0
48435,48435,1.0
48437,48437,1.0
48439,48439,1.0
48441,48441,1.0
48443,48443,1.0
48445,48445,1.0
48447,48447,1.0
48449,48449,1.0
48451,48451,1.0
48453,48453,1.0
48455,48455,1.0
48457,48457,1.0
48459,48459,1.0
48461,48461,1.0
48463,48463,1.0
48465,48465,1.0
48467,48467,1.0
48469,48469,1.0
48471,48471,1.0
48473,48473,1.0
48475,48475,1.0
48477,48477,1.0
48479,48479,1.0
48481,48481,1.0
48483,48483,1.0
48485,48485,1.0
48487,48487,1.0
48489,48489,1.0
48491,48491,1.0
48493,48493,1.0
48495,48495,1.0
48497,48497,1.0
48499,48499,1.0
48501,48501,1.0
48503,48503,1.0
48505,48505,1.0
48507,48507,1.0
49001,49001,1.0
49003,49003,1.0
49005,49005,1.0
49007,49007,1.0
49009,49009,1.0
49011,49011,1.0
49013,49013,1.0
49015,49015,1.0
49017,49017,1.0
49019,49019,1.0
49021,49021,1.0
49023,49023,1.0
49025,49025,1.0
49027,49027,1.0
49029,49029,1.0
49031,49031,1.0
49033,49033,1.0
49035,49035,1.0
49037,49037,1.0
49039,49039,1.0
49041,49041,1.0
49043,49043,1.0
49045,49045,1.0
49047,49047,1.0
49049,49049,1.0
49051,49051,1.0
49053,49053,1.0
49055,49055,1.0
49057,49057,1.0
50001,50001,1.0
50003,50003,1.0
50005,50005,1.0
50007,50007,1.0
50009,50009,1.0
50011,50011,1.0
50013,50013,1.0
50015,50015,1.0
50017,50017,1.0
50019,50019,1.0
50021,50021,1.0
50023,50023,1.0
50025,50025,1.0
50027,50027,1.0
51001,51001,1.0
51003,51003,1.0
51005,51005,1.0
51007,51007,1.0
51009,51009,1.0
51011,51011,1.0
51013,51013,1.0
51015,51015,1.0
51017,51017,1.0
51019,51019,1.0
51021,51021,1.0
51023,51023,1.0
51025,51025,1.0
51027,51027,1.0
51029,51029,1.0
51031,51031,1.0
51033,51033,1.0
51035,51035,1.0
51036,51036,1.0
51037,51037,1.0
51041,51041,1.0
51043,51043,1.0
51045,51045,1.0
51047,51047,1.0
51049,51049,1.0
51051,51051,1.0
51053,51053,1.0
51057,51057,1.0
51059,51059,1.0
51061,51061,1.0
51063,51063,1.0
51065,51065,1.0
51067,51067,1.0
51069,51069,1.0
51071,51071,1.0
51073,51073,1.0
51075,51075,1.0
51077,51077,1.0
51079,51079,1.0
51081,51081,1.0
51083,51083,1.0
51085,51085,1.0
51087,51087,1.0
51089,51089,1.0
51091,51091,1.0
51093,51093,1.0
51095,51095,1.0
51097,51097,1.0
51099,51099,1.0
51101,51101,1.0
51103,51103,1.0
51105,51105,1.0
51107,51107,1.0
51109,51109,1.0
51111,51111,1.0
51113,51113,1.0
51115,51115,1.0
51117,51117,1.0
51119,51119,1.0
51121,51121,1.0
51125,51125,1.0
51127,51127,1.0
51131,51131,1.0
51133,51133,1.0
51135,51135,1.0
51137,51137,1.0
51139,51139,1.0
51141,51141,1.0
51143,51143,1.0
51145,51145,1.0
51147,51147,1.0
51149,51149,1.0
51153,51153,1.0
51155,51155,1.0
51157,51157,1.0
51159,51159,1.0
51161,51161,1.0
51163,51163,1.0
51165,51165,1.0
51167,51167,1.0
51169,51169,1.0
51171,51171,1.0
51173,51173,1.0
51175,51175,1.0
51177,51177,1.0
51179,51179,1.0
51181,51181,1.0
51183,51183,1.0
51185,51185,1.0
51187,51187,1.0
51191,51191,1.0
51193,51193,1.0
51195,51195,1.0
51197,51197,1.0
51199,51199,1.0
51510,51510,1.0
51520,51520,1.0
51530,51530,1.0
51540,51540,1.0
51550,51550,1.0
51570,51570,1.0
51580,51580,1.0
51590,51590,1.0
51595,51595,1.0
51600,51600,1.0
51610,51610,1.0
51620,51620,1.0
51630,51630,1.0
51640,51640,1.0
51650,51650,1.0
51660,51660,1.0
51670,51670,1.0
51678,51678,1.0
51680,51680,1.0
51683,51683,1.0
51685,51685,1.0
51690,51690,1.0
51700,51700,1.0
51710,51710,1.0
51720,51720,1.0
51730,51730,1.0
51735,51735,1.0
51740,51740,1.0
51750,51750,1.0
51760,51760,1.0
51770,51770,1.0
51775,51775,1.0
51790,51790,1.0
51800,51800,1.0
51810,51810,1.0
51820,51820,1.0
51830,51830,1.0
51840,51840,1.0
53001,53001,1.0
53003,53003,1.0
53005,53005,1.0
53007,53007,1.0
53009,53009,1.0
53011,53011,1.0
53013,53013,1.0
53015,53015,1.0
53017,53017,1.0
53019,53019,1.0
53021,53021,1.0
53023,53023,1.0
53025,53025,1.0
53027,53027,1.0
53029,53029,1.0
53031,53031,1.0
53033,53033,1.0
53035,53035,1.0
53037,53037,1.0
53039,53039,1.0
53041,53041,1.0
53043,53043,1.0
53045,53045,1.0
53047,53047,1.0
53049,53049,1.0
53051,53051,1.0
53053,53053,1.0
53055,53055,1.0
53057,53057,1.0
53059,53059,1.0
53061,53061,1.0
53063,53063,1.0
53065,53065,1.0
53067,53067,1.0
53069,53069,1.0
53071,53071,1.0
53073,53073,1.0
53075,53075,1.0
53077,53077,1.0
54001,54001,1.0
54003,54003,1.0
54005,54005,1.0
54007,54007,1.0
54009,54009,1.0
54011,54011,1.0
54013,54013,1.0
54015,54015,1.0
54017,54017,1.0
54019,54019,1.0
54021,54021,1.0
54023,54023,1.0
54025,54025,1.0
54027,54027,1.0
54029,54029,1.0
54031,54031,1.0
54033,54033,1.0
54035,54035,1.0
54037,54037,1.0
54039,54039,1.0
54041,54041,1.0
54043,54043,1.0
54045,54045,1.0
54047,54047,1.0
54049,54049,1.0
54051,54051,1.0
54053,54053,1.0
54055,54055,1.0
54057,54057,1.0
54059,54059,1.0
54061,54061,1.0
54063,54063,1.0
54065,54065,1.0
54067,54067,1.0
54069,54069,1.0
54071,54071,1.0
54073,54073,1.0
54075,54075,1.0
54077,54077,1.0
54079,54079,1.0
54081,54081,1.0
54083,54083,1.0
54085,54085,1.0
54087,54087,1.0
54089,54089,1.0
54091,54091,1.0
54093,54093,1.0
54095,54095,1.0
54097,54097,1.0
54099,54099,1.0
54101,54101,1.0
54103,54103,1.0
54105,54105,1.0
54107,54107,1.0
54109,54109,1.0
55001,55001,1.0
55003,55003,1.0
55005,55005,1.0
55007,55007,1.0
55009,55009,1.0
55011,55011,1.0
55013,55013,1.0
55015,55015,1.0
55017,55017,1.0
55019,55019,1.0
55021,55021,1.0
55023,55023,1.0
55025,55025,1.0
55027,55027,1.0
55029,55029,1.0
55031,55031,1.0
55033,55033,1.0
55035,55035,1.0
55037,55037,1.0
55039,55039,1.0
55041,55041,1.0
55043,55043,1.0
55045,55045,1.0
55047,55047,1.0
55049,55049,1.0
55051,55051,1.0
55053,55053,1.0
55055,55055,1.0
55057,55057,1.0
55059,55059,1.0
55061,55061,1.0
55063,55063,1.0
55065,55065,1.0
55067,55067,1.0
55069,55069,1.0
55071,55071,1.0
55073,55073,1.0
55075,55075,1.0
55077,55077,1.0
55078,55078,1.0
55079,55079,1.0
55081,55081,1.0
55083,55083,1.0
55085,55085,1.0
55087,55087,1.0
55089,55089,1.0
55091,55091,1.0
55093,55093,1.0
55095,55095,1.0
55097,55097,1.0
55099,55099,1.0
55101,55101,1.0
55103,55103,1.0
55105,55105,1.0
55107,55107,1.0
55109,55109,1.0
55111,55111,1.0
55113,55113,1.0
55115,55115,1.0
55117,55117,1.0
55119,55119,1.0
55121,55121,1.0
55123,55123,1.0
55125,55125,1.0
55127,55127,1.0
55129,55129,1.0
55131,55131,1.0
55133,55133,1.0
55135,55135,1.0
55137,55137,1.0
55139,55139,1.0
55141,55141,1.0
56001,56001,1.0
56003,56003,1.0
56005,56005,1.0
56007,56007,1.0
56009,56009,1.0
56011,56011,1.0
56013,56013,1.0
56015,56015,1.0
56017,56017,1.0
56019,56019,1.0
56021,56021,1.0
56023,56023,1.0
56025,56025,1.0
56027,56027,1.0
56029,56029,1.0
56031,56031,1.0
56033,56033,1.0
56035,56035,1.0
56037,56037,1.0
56039,56039,1.0
56041,56041,1.0
56043,56043,1.0
56045,56045,1.0
